{
    "Length (m)": 0.3,
    "Stylet diameter (m)": 0.00145,
    "Young's modulus": 83000000000,
    "Poisson ratio": 0.33,
    "Active areas per core": 14,
    "Total channels": 7,
    "Inaccurate Channels": [
        0,
        6
    ],
    "Active area locations from base (m)": [
        0.02,
        0.04,
        0.06,
        0.08,
        0.1,
        0.12,
        0.14,
        0.16,
        0.18,
        0.2,
        0.22,
        0.24,
        0.26,
        0.28
    ],
    "Reference filepath": "cal_dataset/0-0-1",
    "Calibration matrices": [
        [
            [
                -41344012894.10316,
                2413462010.617708,
                31122827274.80251,
                -74178653535.57178,
                84942291214.00249,
                80498209635.99478,
                -83453891932.02454
            ],
            [
                95203650281.13826,
                -121620637098.81015,
                -45063352510.503365,
                221699907381.02972,
                -129601911184.79802,
                -229725442871.48004,
                209107575305.33554
            ]
        ],
        [
            [
                34806135592.60904,
                -48443246742.280914,
                -14962689701.98948,
                25521502786.22779,
                -12133055344.402336,
                -20750700274.937325,
                35962081861.789
            ],
            [
                -18903272549.4031,
                -28824308015.839348,
                1235251380.705264,
                50410781806.45033,
                33246512645.155518,
                -14617275899.433186,
                -22547664464.820602
            ]
        ],
        [
            [
                4986770139.897434,
                -39187260398.4023,
                19696587146.370583,
                -3871483893.137388,
                29584127297.83619,
                -3547812127.342263,
                -7660885866.603884
            ],
            [
                -58083381833.98864,
                46706770926.04555,
                40950695971.65506,
                -23893942256.740845,
                -3253032085.7592697,
                -11671930152.277397,
                9244857652.407234
            ]
        ],
        [
            [
                -2040909625.4682631,
                -39651168396.93675,
                26387541742.95274,
                12883862241.722935,
                23491463710.658188,
                -17292198367.143715,
                -3778671959.580271
            ],
            [
                -789055078.0506628,
                60642774383.11779,
                -25907950573.75662,
                -69967989459.19568,
                -42565114151.49512,
                37809402889.77713,
                40778028112.353645
            ]
        ],
        [
            [
                -72214865593.12892,
                92737857824.77798,
                -48355314005.68088,
                33177409480.120785,
                -46537524099.51517,
                123129117868.13931,
                -81936661569.49786
            ],
            [
                -7066421434.306578,
                14473449863.163624,
                12165069777.569712,
                -41168853001.76001,
                -1411156837.946931,
                -7340804264.434209,
                30348859474.451286
            ]
        ],
        [
            [
                13452182854.114126,
                -8370132864.806919,
                -37383944334.0368,
                17881107621.127357,
                -4463560894.405277,
                50525414928.27965,
                -31641284585.322147
            ],
            [
                -67299625316.51521,
                36719287251.84184,
                131746957660.10971,
                -105603019938.13571,
                13673058824.233784,
                -86707544424.5379,
                77471145529.3318
            ]
        ],
        [
            [
                44971457048.10144,
                12631862855.785389,
                -228642526896.407,
                355262921391.6905,
                -259343987415.44092,
                7318268485.616441,
                67802051495.86275
            ],
            [
                26941428027.75525,
                -2137562072.7448635,
                77799068622.42633,
                -75725313007.76913,
                -74388665895.43582,
                -155925338830.90332,
                203436639703.0193
            ]
        ],
        [
            [
                -12810849892.442219,
                -33882297455.35485,
                5652173167.121386,
                99170452378.27925,
                -21346304910.500267,
                -36671076313.46972,
                -112245920.52517891
            ],
            [
                4293905295.774947,
                19538751478.534546,
                -12907334851.56861,
                -50662550686.86326,
                -3959525926.993391,
                28612500451.888893,
                15084348090.172634
            ]
        ],
        [
            [
                -21124942310.41546,
                -36596150996.46089,
                86500821269.70503,
                -57133146769.42236,
                80327581672.71567,
                -20110643382.62752,
                -31863700918.856575
            ],
            [
                35692109873.34051,
                13550550948.156054,
                28050107115.101307,
                -111930188834.5495,
                -34235009523.37828,
                -46944533708.04579,
                115817099964.6778
            ]
        ],
        [
            [
                11164153872.13601,
                26611930590.31993,
                -25190102382.644775,
                12136395239.040026,
                -71668710815.81305,
                9128871586.188313,
                37817436931.501335
            ],
            [
                12312072726.119476,
                -17448392521.247387,
                -13825780841.162731,
                -5134799432.275677,
                6938933436.937833,
                5793260308.755193,
                11364996278.224539
            ]
        ],
        [
            [
                120248652367.0687,
                -38802554833.59599,
                -219635536703.0094,
                169847499994.4886,
                -114955186091.88474,
                100394225510.82895,
                -17097151630.75856
            ],
            [
                73145487321.04213,
                148254506681.1763,
                -170565792309.90723,
                -198433808455.32056,
                -87558471222.16959,
                235034520360.06943,
                123406316.77273178
            ]
        ],
        [
            [
                -86793998607.74873,
                87963051465.84885,
                -39605869174.32806,
                127618526195.87872,
                -90215475400.7091,
                79536989174.80238,
                -78503412262.8989
            ],
            [
                134696918983.38712,
                139457675886.3073,
                -449810077100.02856,
                20558515141.85286,
                -179409430641.03366,
                407304719106.2349,
                -72798216962.46718
            ]
        ]
    ],
    "Active area weights": [
        0.027826351700804476,
        0.034506557939687016,
        0.052416771459975045,
        0.06009374294239959,
        0.12619971595878415,
        0.11878671978780299,
        0.11237536087082468,
        0.1091708869861639,
        0.23046113344229516,
        0.05818857359650685,
        0.05059652899883188,
        0.019377656315924138
    ]
}